<ImportExportXml version="9.2.23034.220" SolutionPackageVersion="9.2" languagecode="1033" generatedBy="CrmLive" xmlns:xsi="http://www.w3.org/2001/XMLSchema-instance">
  <SolutionManifest>
    <UniqueName>StdManagementsystem</UniqueName>
    <LocalizedNames>
      <LocalizedName description="Std Management system" languagecode="1033" />
    </LocalizedNames>
    <Descriptions />
    <Version>1.0.0.1</Version>
    <Managed>0</Managed>
    <Publisher>
      <UniqueName>Crc2ee9</UniqueName>
      <LocalizedNames>
        <LocalizedName description="CDS Default Publisher" languagecode="1033" />
      </LocalizedNames>
      <Descriptions />
      <EMailAddress xsi:nil="true"></EMailAddress>
      <SupportingWebsiteUrl xsi:nil="true"></SupportingWebsiteUrl>
      <CustomizationPrefix>cr56b</CustomizationPrefix>
      <CustomizationOptionValuePrefix>39745</CustomizationOptionValuePrefix>
      <Addresses>
        <Address>
          <AddressNumber>1</AddressNumber>
          <AddressTypeCode xsi:nil="true"></AddressTypeCode>
          <City xsi:nil="true"></City>
          <County xsi:nil="true"></County>
          <Country xsi:nil="true"></Country>
          <Fax xsi:nil="true"></Fax>
          <FreightTermsCode xsi:nil="true"></FreightTermsCode>
          <ImportSequenceNumber xsi:nil="true"></ImportSequenceNumber>
          <Latitude xsi:nil="true"></Latitude>
          <Line1 xsi:nil="true"></Line1>
          <Line2 xsi:nil="true"></Line2>
          <Line3 xsi:nil="true"></Line3>
          <Longitude xsi:nil="true"></Longitude>
          <Name xsi:nil="true"></Name>
          <PostalCode xsi:nil="true"></PostalCode>
          <PostOfficeBox xsi:nil="true"></PostOfficeBox>
          <PrimaryContactName xsi:nil="true"></PrimaryContactName>
          <ShippingMethodCode xsi:nil="true"></ShippingMethodCode>
          <StateOrProvince xsi:nil="true"></StateOrProvince>
          <Telephone1 xsi:nil="true"></Telephone1>
          <Telephone2 xsi:nil="true"></Telephone2>
          <Telephone3 xsi:nil="true"></Telephone3>
          <TimeZoneRuleVersionNumber xsi:nil="true"></TimeZoneRuleVersionNumber>
          <UPSZone xsi:nil="true"></UPSZone>
          <UTCOffset xsi:nil="true"></UTCOffset>
          <UTCConversionTimeZoneCode xsi:nil="true"></UTCConversionTimeZoneCode>
        </Address>
        <Address>
          <AddressNumber>2</AddressNumber>
          <AddressTypeCode xsi:nil="true"></AddressTypeCode>
          <City xsi:nil="true"></City>
          <County xsi:nil="true"></County>
          <Country xsi:nil="true"></Country>
          <Fax xsi:nil="true"></Fax>
          <FreightTermsCode xsi:nil="true"></FreightTermsCode>
          <ImportSequenceNumber xsi:nil="true"></ImportSequenceNumber>
          <Latitude xsi:nil="true"></Latitude>
          <Line1 xsi:nil="true"></Line1>
          <Line2 xsi:nil="true"></Line2>
          <Line3 xsi:nil="true"></Line3>
          <Longitude xsi:nil="true"></Longitude>
          <Name xsi:nil="true"></Name>
          <PostalCode xsi:nil="true"></PostalCode>
          <PostOfficeBox xsi:nil="true"></PostOfficeBox>
          <PrimaryContactName xsi:nil="true"></PrimaryContactName>
          <ShippingMethodCode xsi:nil="true"></ShippingMethodCode>
          <StateOrProvince xsi:nil="true"></StateOrProvince>
          <Telephone1 xsi:nil="true"></Telephone1>
          <Telephone2 xsi:nil="true"></Telephone2>
          <Telephone3 xsi:nil="true"></Telephone3>
          <TimeZoneRuleVersionNumber xsi:nil="true"></TimeZoneRuleVersionNumber>
          <UPSZone xsi:nil="true"></UPSZone>
          <UTCOffset xsi:nil="true"></UTCOffset>
          <UTCConversionTimeZoneCode xsi:nil="true"></UTCConversionTimeZoneCode>
        </Address>
      </Addresses>
    </Publisher>
    <RootComponents>
      <RootComponent type="1" schemaName="cr56b_material_classes" behavior="0" />
      <RootComponent type="1" schemaName="cr56b_stdapp_students" behavior="0" />
      <RootComponent type="1" schemaName="cr56b_stdapp_teachers" behavior="0" />
      <RootComponent type="1" schemaName="cr56b_stdclasses" behavior="0" />
      <RootComponent type="1" schemaName="cr56b_std_app_classfeedback" behavior="0" />
      <RootComponent type="1" schemaName="cr56b_std_app_studentclasses" behavior="0" />
      <RootComponent type="9" schemaName="cr56b_approved_class_choice" behavior="0" />
      <RootComponent type="9" schemaName="cr56b_approved_class_choiece" behavior="0" />
      <RootComponent type="9" schemaName="cr56b_choice_approved" behavior="0" />
      <RootComponent type="9" schemaName="cr56b_material_type_choice" behavior="0" />
      <RootComponent type="9" schemaName="cr56b_material_type_choices" behavior="0" />
      <RootComponent type="9" schemaName="cr56b_topicschoices" behavior="0" />
      <RootComponent type="29" id="{6d441708-18e1-ed11-a7c7-000d3abffcb3}" behavior="0" />
      <RootComponent type="62" schemaName="cr56b_StdMangmentDriven" behavior="0" />
      <RootComponent type="80" schemaName="cr56b_StdMangmentDriven" behavior="0" />
      <RootComponent type="300" schemaName="cr56b_stdmangment_b8272" behavior="0" />
      <RootComponent type="431" schemaName="cr56b_stdapp_students cr56b_student_image" behavior="0" />
      <RootComponent type="431" schemaName="cr56b_stdapp_teachers cr56b_teacher_image" behavior="0" />
      <RootComponent type="431" schemaName="cr56b_stdclasses cr56b_classesimage" behavior="0" />
      <RootComponent type="432" schemaName="cr56b_stdapp_students" behavior="0" />
      <RootComponent type="432" schemaName="cr56b_stdapp_teachers" behavior="0" />
      <RootComponent type="432" schemaName="cr56b_stdclasses" behavior="0" />
    </RootComponents>
    <MissingDependencies>
      <MissingDependency>
        <Required type="61" schemaName="msdyn_/Images/AppModule_Default_Icon.png" displayName="msdyn_/Images/AppModule_Default_Icon.png" solution="AppModuleWebResources (2.5)" />
        <Dependent type="80" schemaName="cr56b_StdMangmentDriven" displayName="StdMangmentDriven" />
      </MissingDependency>
    </MissingDependencies>
  </SolutionManifest>
</ImportExportXml>